{
  "size": 2048,
  "flipY": true,
  "regions": {
    "1": {
      "name": "uniforme",
      "meanL": 38.281700134277344,
      "pct": 27.669715881347656
    },
    "2": {
      "name": "chaleco",
      "meanL": 29.376985549926758,
      "pct": 13.01584243774414
    },
    "3": {
      "name": "botas",
      "meanL": 1.7183358669281006,
      "pct": 9.034013748168945
    },
    "4": {
      "name": "cuello",
      "meanL": 42.66764831542969,
      "pct": 0.522303581237793
    },
    "5": {
      "name": "casco",
      "meanL": 38.045223236083984,
      "pct": 17.07937717437744
    },
    "6": {
      "name": "guantes",
      "meanL": 1.5017201900482178,
      "pct": 3.3449888229370117
    },
    "7": {
      "name": "correa",
      "meanL": 6.655659198760986,
      "pct": 4.522442817687988
    }
  }
}