{
  "size": 2048,
  "flipY": true,
  "regions": {
    "1": {
      "name": "uniforme_casco",
      "meanL": 38.609954833984375,
      "pct": 56.25021457672119
    },
    "2": {
      "name": "chaleco",
      "meanL": 29.212106704711914,
      "pct": 18.48151683807373
    },
    "3": {
      "name": "botas_guantes",
      "meanL": 2.823049783706665,
      "pct": 21.43077850341797
    },
    "4": {
      "name": "cuello",
      "meanL": 42.94532012939453,
      "pct": 0.6466865539550781
    }
  }
}