{
  "size": 2048,
  "flipY": true,
  "regions": {
    "1": {
      "name": "uniforme",
      "meanL": 38.06306076049805,
      "pct": 27.064990997314453
    },
    "2": {
      "name": "chaleco",
      "meanL": 27.655086517333984,
      "pct": 15.123820304870605
    },
    "3": {
      "name": "botas",
      "meanL": 1.299626111984253,
      "pct": 8.357024192810059
    },
    "4": {
      "name": "cuello",
      "meanL": 50.0,
      "pct": 0.0
    },
    "5": {
      "name": "casco",
      "meanL": 35.13460159301758,
      "pct": 18.96829605102539
    },
    "6": {
      "name": "guantes",
      "meanL": 2.1573166847229004,
      "pct": 3.29592227935791
    },
    "7": {
      "name": "correa",
      "meanL": 5.748091697692871,
      "pct": 1.3788938522338867
    }
  }
}